start_date,start_station,end_date,end_station,bike_number,bike_model,duration_min,trip_category,trip_type,start_hour,start_day,start_month,is_weekend,is_rush_hour,rush_period,station_risk_score,bike_instability_score,start_lat,start_long,end_lat,end_long,trip_distance_km,avg_speed
15/10/2025 23:59,"gloucester road station, south kensington",16/10/2025 00:02,"drayton gardens, west chelsea",21145,CLASSIC,3.72055,Short(1-10 mins),normal,23,Wednesday,October,0,0,non_rush,0.004249292,0,51.49418566,-0.18267094,51.487196,-0.179369,0.8101386257210969,13.064820401087424
15/10/2025 23:59,"hop exchange, the borough",16/10/2025 00:17,"battersea park road, nine elms",55937,CLASSIC,17.819733333333332,Normal(10-40 mins),normal,23,Wednesday,October,0,0,non_rush,0.004237288,0,51.50462759,-0.091773776,51.4795017,-0.141770709,4.448269471540584,14.977562419140302
15/10/2025 23:59,"lambeth palace road, waterloo",16/10/2025 00:17,"lambeth palace road, waterloo",52917,CLASSIC,18.439933333333332,Normal(10-40 mins),normal,23,Wednesday,October,0,0,non_rush,0.004513541,0,51.5000892,-0.116628701,51.5000892,-0.116628701,0,0
15/10/2025 23:59,"vereker road, west kensington",16/10/2025 00:02,"greyhound road, hammersmith",50274,CLASSIC,3.2413666666666665,Short(1-10 mins),normal,23,Wednesday,October,0,0,non_rush,0.002446982,0.012820513,51.48959104,-0.209378594,51.48606206,-0.214428378,0.5255766349674165,9.728796936902642
15/10/2025 23:59,"vereker road, west kensington",16/10/2025 00:02,"greyhound road, hammersmith",54406,CLASSIC,3.16205,Short(1-10 mins),normal,23,Wednesday,October,0,0,non_rush,0.002446982,0,51.48959104,-0.209378594,51.48606206,-0.214428378,0.5255766349674165,9.972833477663222
15/10/2025 23:59,"panton street, west end",16/10/2025 00:20,"islington green, angel",58350,CLASSIC,21.224983333333334,Normal(10-40 mins),normal,23,Wednesday,October,0,0,non_rush,0.002886836,0,51.50963938,-0.131510949,51.53638435,-0.102757578,3.5779171816432567,10.11426145911047
15/10/2025 23:59,"westfield library corner, shepherd's bush",16/10/2025 00:18,"westfield library corner, shepherd's bush",41565,CLASSIC,18.619883333333334,Normal(10-40 mins),normal,23,Wednesday,October,0,0,non_rush,0.003325942,0,51.506093,-0.2242237,51.506093,-0.2242237,0,0
15/10/2025 23:58,"charing cross hospital, hammersmith",15/10/2025 23:59,"greyhound road, hammersmith",35790,CLASSIC,1.5671166666666667,Short(1-10 mins),normal,23,Wednesday,October,0,0,non_rush,0.004562044,0,51.48728535,-0.217995921,51.48606206,-0.214428378,0.28199453430744437,10.79668949883331
15/10/2025 23:58,"lambeth palace road, waterloo",16/10/2025 00:17,"lambeth palace road, waterloo",59014,CLASSIC,19.232383333333335,Normal(10-40 mins),normal,23,Wednesday,October,0,0,non_rush,0.004513541,0,51.5000892,-0.116628701,51.5000892,-0.116628701,0,0
15/10/2025 23:58,"fore street avenue, guildhall",16/10/2025 00:08,"percival street, finsbury",59814,CLASSIC,9.498233333333333,Short(1-10 mins),normal,23,Wednesday,October,0,0,non_rush,0.004143646,0,51.517842,-0.090075,51.526153,-0.102208,1.2484819239483338,7.8866156271411905
15/10/2025 23:57,"braham street, aldgate",16/10/2025 00:09,"rectory square, stepney",22914,CLASSIC,12.09575,Normal(10-40 mins),normal,23,Wednesday,October,0,0,non_rush,0.002143623,0.012820513,51.51423368,-0.073537654,51.518369,-0.043371,2.1374497904241876,10.602648651423124
15/10/2025 23:56,"devons road, bow",16/10/2025 00:09,"royal london hospital, whitechapel",30620,CLASSIC,12.887266666666667,Normal(10-40 mins),normal,23,Wednesday,October,0,0,non_rush,0.008281573,0,51.52512,-0.015578,51.518675,-0.06111,3.2307196531511466,15.041450154085076
15/10/2025 23:56,"british museum, bloomsbury",16/10/2025 00:19,"granby street, shoreditch",51077,CLASSIC,22.854466666666667,Normal(10-40 mins),normal,23,Wednesday,October,0,0,non_rush,0.006594724,0.013157894736842105,51.51908011,-0.124678402,51.525645,-0.069543,3.8838435830156257,10.196283220243053
15/10/2025 23:56,"woodstock grove, shepherd's bush",16/10/2025 00:05,"lexham gardens, kensington",62172,PBSC_EBIKE,8.58205,Short(1-10 mins),normal,23,Wednesday,October,0,0,non_rush,0.003477051,0,51.50403821,-0.217400093,51.49586666,-0.191933711,1.9831968442612244,13.865196620349852
15/10/2025 23:56,"manresa road, chelsea",16/10/2025 00:04,"michael road, walham green",54866,CLASSIC,7.4336,Short(1-10 mins),normal,23,Wednesday,October,0,0,non_rush,0.001824818,0.007246377,51.486892,-0.170983,51.47727637,-0.189210466,1.6542012287986843,13.351817925086237
15/10/2025 23:57,"haggerston road, haggerston",16/10/2025 00:02,"lansdowne drive, hackney central",57418,CLASSIC,4.99435,Short(1-10 mins),normal,23,Wednesday,October,0,0,non_rush,0.000868056,0,51.53932857,-0.074284675,51.539834,-0.062806212,0.7958412654341352,9.560899001080845
15/10/2025 23:55,"colet gardens, hammersmith",16/10/2025 00:03,"aintree street, fulham",56583,CLASSIC,8.06345,Short(1-10 mins),normal,23,Wednesday,October,0,0,non_rush,0.010869565217391304,0,51.491093,-0.216493,51.48102131,-0.209973497,1.2074782311519092,8.984825833745427
15/10/2025 23:55,"regent's row , haggerston",16/10/2025 00:06,"lmu commercial road, whitechapel",64098,PBSC_EBIKE,11.051933333333332,Normal(10-40 mins),normal,23,Wednesday,October,0,0,non_rush,0.0029036,0.014285714285714285,51.535678,-0.062546,51.51492456,-0.066078037,2.3205781324124772,12.598220034933433
15/10/2025 23:55,"cartwright gardens , bloomsbury",16/10/2025 00:15,"vauxhall street, vauxhall",54326,CLASSIC,20.387316666666667,Normal(10-40 mins),normal,23,Wednesday,October,0,0,non_rush,0.001712329,0,51.52635795,-0.125979294,51.486965,-0.116625,4.427882048,13.031284461148754
15/10/2025 23:56,"danvers street, west chelsea",16/10/2025 00:04,"parsons green station, parsons green",51657,CLASSIC,8.646183333333333,Short(1-10 mins),normal,23,Wednesday,October,0,0,non_rush,0.005988024,0,51.48256792,-0.172078187,51.475089,-0.201968,2.2307560466387515,15.480282760407782
15/10/2025 23:54,"barbican centre, barbican",16/10/2025 00:14,"watney street, shadwell",23425,CLASSIC,20.638783333333333,Normal(10-40 mins),normal,23,Wednesday,October,0,0,non_rush,0.004752852,0,51.52004497,-0.092176447,51.511542,-0.056667,2.632760382365614,7.653824374754173
15/10/2025 23:54,"ormonde gate, chelsea",16/10/2025 00:06,"horseferry road, westminster",58875,CLASSIC,12.08725,Normal(10-40 mins),normal,23,Wednesday,October,0,0,non_rush,0.005656109,0.015151515151515152,51.48796408,-0.161765173,51.49481649,-0.13045856,2.297496312716355,11.404560902023313
15/10/2025 23:54,"southwark station 2, southwark",16/10/2025 00:13,"rotherhithe roundabout, rotherhithe",57397,CLASSIC,19.211533333333332,Normal(10-40 mins),normal,23,Wednesday,October,0,0,non_rush,0.004662005,0,51.504044,-0.104778,51.499169,-0.055846029,3.4300790224033277,10.712561968550125
15/10/2025 23:54,"south audley street, mayfair",16/10/2025 00:24,"cleveland way, stepney",62897,PBSC_EBIKE,30.2142,Normal(10-40 mins),normal,23,Wednesday,October,0,0,non_rush,0.003205128,0,51.50923,-0.15129,51.520893,-0.051394,7.033162554066852,13.96660355872441
15/10/2025 23:54,"brushfield street, liverpool street",16/10/2025 00:10,"clarkson street, bethnal green",58814,CLASSIC,16.07496666666667,Normal(10-40 mins),normal,23,Wednesday,October,0,0,non_rush,0.003924133,0,51.518908,-0.079249,51.528692,-0.059091,1.7687713113946089,6.601959486718056
15/10/2025 23:55,"pritchard's road, bethnal green",16/10/2025 00:19,"great dover street, the borough",40332,CLASSIC,24.167866666666665,Normal(10-40 mins),normal,23,Wednesday,October,0,0,non_rush,0.00538358,0,51.532091,-0.06142,51.49738251,-0.089446947,4.319299088,10.723244582593486
15/10/2025 23:55,"hortensia road, west brompton",16/10/2025 00:04,"emperor's gate, south kensington",59447,CLASSIC,9.412683333333334,Short(1-10 mins),normal,23,Wednesday,October,0,0,non_rush,0.006681514,0,51.48176572,-0.185273723,51.49536226,-0.185296516,1.5118670915770258,9.637212076749798
15/10/2025 23:53,"margery street, clerkenwell",16/10/2025 00:16,"brick lane market, shoreditch",52018,CLASSIC,23.2957,Normal(10-40 mins),normal,23,Wednesday,October,0,0,non_rush,0.00286533,0.006578947,51.52659961,-0.112432615,51.52261762,-0.071653961,2.855727960454712,7.355163297401783
15/10/2025 23:53,"duke street hill, london bridge",15/10/2025 23:58,"curlew street, shad thames",59235,CLASSIC,5.151483333333333,Short(1-10 mins),normal,23,Wednesday,October,0,0,non_rush,0.003634161,0,51.50630441,-0.087262995,51.50227992,-0.074189225,1.0094948126765173,11.757718086491149
15/10/2025 23:53,"normand park, west kensington",15/10/2025 23:58,"charing cross hospital, hammersmith",30909,CLASSIC,5.037316666666666,Short(1-10 mins),normal,23,Wednesday,October,0,0,non_rush,0.002286585,0,51.48438657,-0.20481514,51.48728535,-0.217995921,0.9679105428756116,11.528882620549307
15/10/2025 23:53,"holborn circus, holborn",16/10/2025 00:26,"walnut tree walk, vauxhall",54997,CLASSIC,32.50675,Normal(10-40 mins),normal,23,Wednesday,October,0,0,non_rush,0.002929688,0,51.51795029,-0.108657431,51.49368637,-0.111014912,2.7029540683739928,4.989032865556833
15/10/2025 23:53,"temple gardens, temple",16/10/2025 00:02,"smith square, westminster",52958,CLASSIC,8.875733333333333,Short(1-10 mins),normal,23,Wednesday,October,0,0,non_rush,0.000934579,0,51.510981,-0.10832249,51.49580589,-0.127575233,2.1501359384149454,14.534929279634742
15/10/2025 23:53,"british museum, bloomsbury",16/10/2025 00:05,"strata, elephant & castle",57130,CLASSIC,11.455833333333333,Normal(10-40 mins),normal,23,Wednesday,October,0,0,non_rush,0.006594724,0,51.51908011,-0.124678402,51.493146,-0.099828,3.3576940124255503,17.585943761885474
15/10/2025 23:53,"old street station, st. luke's",16/10/2025 00:06,"brick lane market, shoreditch",22977,CLASSIC,12.455466666666666,Normal(10-40 mins),normal,23,Wednesday,October,0,0,non_rush,0.003405995,0,51.525615,-0.0885326,51.52261762,-0.071653961,1.2143621660390476,5.849779210387636
15/10/2025 23:52,"hop exchange, the borough",16/10/2025 00:15,"culvert road, battersea",42159,CLASSIC,23.3335,Normal(10-40 mins),normal,23,Wednesday,October,0,0,non_rush,0.004237288,0,51.50462759,-0.091773776,51.4710956,-0.157850096,5.901987626200044,15.176431207148632
15/10/2025 23:52,"clinton road, mile end",15/10/2025 23:57,"mostyn grove, bow",57851,CLASSIC,5.140883333333333,Short(1-10 mins),normal,23,Wednesday,October,0,0,non_rush,0.001607717,0,51.525941,-0.036017,51.530535,-0.025492,0.8894197933456672,10.380548271679647
15/10/2025 23:52,"pritchard's road, bethnal green",16/10/2025 00:19,"great dover street, the borough",52688,CLASSIC,26.58255,Normal(10-40 mins),normal,23,Wednesday,October,0,0,non_rush,0.00538358,0,51.532091,-0.06142,51.49738251,-0.089446947,4.319299088,9.749175504463455
15/10/2025 23:52,"clinton road, mile end",15/10/2025 23:58,"ansell house, stepney",20920,CLASSIC,5.887766666666667,Short(1-10 mins),normal,23,Wednesday,October,0,0,non_rush,0.001607717,0.03125,51.525941,-0.036017,51.520019,-0.05438,1.430968893010567,14.582461982862888
15/10/2025 23:53,"chicheley street, south bank",16/10/2025 00:17,"bruton street, mayfair",51686,CLASSIC,24.818283333333333,Normal(10-40 mins),normal,23,Wednesday,October,0,0,non_rush,0.004020101,0,51.502698,-0.1167474,51.51073687,-0.144165239,2.0975925516790386,5.07108213
15/10/2025 23:51,"blythe road, olympia",16/10/2025 00:14,"crawford street, marylebone",54695,CLASSIC,23.313633333333332,Normal(10-40 mins),normal,23,Wednesday,October,0,0,non_rush,0.002087683,0,51.496927,-0.21350087,51.52026,-0.157183945,4.682133474990547,12.049945389583185
15/10/2025 23:51,"new road 1 , whitechapel",16/10/2025 00:04,"queen mary's, mile end",57177,CLASSIC,13.363583333333333,Normal(10-40 mins),normal,23,Wednesday,October,0,0,non_rush,0.010047281,0,51.518154,-0.062697,51.522507,-0.041378,1.5524391259970696,6.970162510790457
15/10/2025 23:51,"newton street, covent garden",16/10/2025 00:02,"eversholt street , camden town",54967,CLASSIC,10.9434,Normal(10-40 mins),normal,23,Wednesday,October,0,0,non_rush,0.009302326,0,51.51612862,-0.120909408,51.53300545,-0.136792671,2.174666657424937,11.923168251685603
15/10/2025 23:50,"aldersgate street, barbican",15/10/2025 23:51,"roscoe street, st. luke's",35762,CLASSIC,1.5638666666666667,Short(1-10 mins),normal,23,Wednesday,October,0,0,non_rush,0.003138075,0,51.5208417,-0.097340162,51.52295439,-0.094934859,0.28789225025187315,11.045401365277765
15/10/2025 23:50,"queen's gate (central), south kensington",16/10/2025 00:16,"gloucester street, pimlico",54396,CLASSIC,25.718516666666666,Normal(10-40 mins),normal,23,Wednesday,October,0,0,non_rush,0.003881988,0,51.49396755,-0.17873226,51.49096258,-0.139625122,2.728002561558976,6.3642921485313195
15/10/2025 23:50,"selby street, whitechapel",16/10/2025 00:03,"hertford road, de beauvoir town",56688,CLASSIC,13.017,Normal(10-40 mins),normal,23,Wednesday,October,0,0,non_rush,0.004576659,0,51.521905,-0.063386,51.53727795,-0.079201849,2.029535924137975,9.354855607918761
15/10/2025 23:51,"borough high street, the borough",16/10/2025 00:07,"riverlight north, nine elms",55845,CLASSIC,16.186916666666665,Normal(10-40 mins),normal,23,Wednesday,October,0,0,non_rush,0.004175365,0.013888888888888888,51.50069491,-0.094524319,51.482362,-0.13612398,3.528522311736712,13.079164059710944
15/10/2025 23:51,"christian street, whitechapel",16/10/2025 00:03,"baldwin street, st. luke's",58981,CLASSIC,12.6761,Normal(10-40 mins),normal,23,Wednesday,October,0,0,non_rush,0.009389671,0,51.513074,-0.064094,51.52702563,-0.088542771,2.2952636518189404,10.864210530773379
15/10/2025 23:49,"upper bank street, canary wharf",15/10/2025 23:52,"preston's road, cubitt town",61116,PBSC_EBIKE,2.99085,Short(1-10 mins),normal,23,Wednesday,October,0,0,non_rush,0.003770739,0,51.503083,-0.017676,51.499286,-0.009152,0.725522158,14.554835400181531
15/10/2025 23:49,"barons court station, west kensington",15/10/2025 23:54,"everington street, fulham",64033,PBSC_EBIKE,4.9038,Short(1-10 mins),normal,23,Wednesday,October,0,0,non_rush,0.001533742,0.015151515151515152,51.49021762,-0.215087092,51.48335692,-0.216305546,0.7675258998496791,9.390993513393846
15/10/2025 23:49,"irene road, parsons green",15/10/2025 23:54,"south park, sands end",56840,CLASSIC,4.725216666666666,Short(1-10 mins),normal,23,Wednesday,October,0,0,non_rush,0.005725191,0,51.4737636,-0.197010096,51.46706414,-0.193502076,0.7835725263378497,9.949671072636031
15/10/2025 23:49,"queen's gate (central), south kensington",15/10/2025 23:56,"nevern place, earl's court",51918,CLASSIC,6.1386,Short(1-10 mins),normal,23,Wednesday,October,0,0,non_rush,0.003881988,0.006666667,51.49396755,-0.17873226,51.49334336,-0.194757949,1.111629022727825,10.865301756698514
15/10/2025 23:48,"warren street station, euston",15/10/2025 23:57,"great percy street, clerkenwell",51432,CLASSIC,9.746716666666666,Short(1-10 mins),normal,23,Wednesday,October,0,0,non_rush,0.003225806,0,51.52443845,-0.138019439,51.52891573,-0.115480888,1.6367678543082826,10.075810615728404
15/10/2025 23:48,"south audley street, mayfair",15/10/2025 23:59,"albert embankment, vauxhall",60577,PBSC_EBIKE,10.764116666666666,Normal(10-40 mins),normal,23,Wednesday,October,0,0,non_rush,0.003205128,0,51.50923,-0.15129,51.4904357,-0.1228069,2.873096077680004,16.014854725109842
15/10/2025 23:48,"concert hall approach, south bank",16/10/2025 00:04,"central house, aldgate",62376,PBSC_EBIKE,16.245116666666668,Normal(10-40 mins),normal,23,Wednesday,October,0,0,non_rush,0.002232143,0,51.504841,-0.1151532,51.515231,-0.07015,3.3218357678205632,12.268926727882356
15/10/2025 23:49,"kings gate house, westminster",16/10/2025 00:09,"simpson street, clapham junction",30973,CLASSIC,20.49925,Normal(10-40 mins),normal,23,Wednesday,October,0,0,non_rush,0.016990291,0,51.49769846,-0.137598896,51.47084722,-0.17070367,3.7642071435267797,11.017594722324318
15/10/2025 23:47,"southern grove, bow",15/10/2025 23:50,"antill road, mile end",50943,CLASSIC,3.7720166666666666,Short(1-10 mins),normal,23,Wednesday,October,0,0,non_rush,0.006437768,0,51.523538,-0.030556,51.528224,-0.037471,0.7073596644919172,11.251694682203162
15/10/2025 23:47,"bbc white city, white city",16/10/2025 00:05,"parson's green , parson's green",63002,PBSC_EBIKE,18.140783333333335,Normal(10-40 mins),normal,23,Wednesday,October,0,0,non_rush,0.004551365,0,51.514767,-0.225787,51.472817,-0.199783,4.999966120311937,16.53721130484348
15/10/2025 23:47,"park street, bankside",16/10/2025 00:14,"hewison street, old ford",58794,CLASSIC,26.6027,Normal(10-40 mins),normal,23,Wednesday,October,0,0,non_rush,0.003003003,0.007692308,51.50597426,-0.092754157,51.533283,-0.028155,5.403585563977638,12.187301809164419
15/10/2025 23:47,"wormwood street, liverpool street",16/10/2025 00:01,"furze green, bow",53363,CLASSIC,14.116166666666667,Normal(10-40 mins),normal,23,Wednesday,October,0,0,non_rush,0.002469813,0,51.51615461,-0.082422399,51.519265,-0.021345,4.240291601506023,18.023129231757537
15/10/2025 23:47,"south audley street, mayfair",16/10/2025 00:05,"stamford street, south bank",51936,CLASSIC,17.322333333333333,Normal(10-40 mins),normal,23,Wednesday,October,0,0,non_rush,0.003205128,0,51.50923,-0.15129,51.50556905,-0.111606696,2.7764556248544308,9.616910971843623
15/10/2025 23:46,"limerston street, west chelsea",15/10/2025 23:53,"stephendale road, sands end",58740,CLASSIC,7.846816666666666,Short(1-10 mins),normal,23,Wednesday,October,0,0,non_rush,0.005550811,0.016129032258064516,51.485587,-0.18119,51.46822047,-0.190346493,2.03252609,15.54153366908269
15/10/2025 23:46,"haggerston road, haggerston",15/10/2025 23:55,"braham street, aldgate",64030,PBSC_EBIKE,9.199733333333333,Short(1-10 mins),normal,23,Wednesday,October,0,0,non_rush,0.000868056,0.016129032258064516,51.53932857,-0.074284675,51.51423368,-0.073537654,2.7909029577378055,18.202068624916848
15/10/2025 23:45,"monument street, monument",15/10/2025 23:56,"old street station, st. luke's",59046,CLASSIC,11.1883,Normal(10-40 mins),normal,23,Wednesday,October,0,0,non_rush,0.00297619,0,51.50964,-0.08497,51.525615,-0.0885326,1.7933619220806485,9.6173427
15/10/2025 23:45,"farm street, mayfair",16/10/2025 00:01,"new kent road, the borough",30364,CLASSIC,16.1698,Normal(10-40 mins),normal,23,Wednesday,October,0,0,non_rush,0.00166113,0.01,51.50935171,-0.14744969,51.49443626,-0.092921165,4.122655295444404,15.297611456336147
15/10/2025 23:45,"blackfriars road, southwark",16/10/2025 00:08,"ferndale road, brixton",22972,CLASSIC,22.386883333333333,Normal(10-40 mins),normal,23,Wednesday,October,0,0,non_rush,0,0.016666666666666666,51.505461,-0.10454093,51.464019,-0.11578197,4.673415906878893,12.525412771290938
15/10/2025 23:45,"westminster pier, westminster",16/10/2025 00:21,"southern grove, bow",58754,CLASSIC,35.448366666666665,Normal(10-40 mins),normal,23,Wednesday,October,0,0,non_rush,0.010738831615120275,0.012820513,51.501513,-0.12382322,51.523538,-0.030556,6.903257459762968,11.68447199501749
15/10/2025 23:46,"tachbrook street, victoria",16/10/2025 00:05,"long lane , bermondsey",57182,CLASSIC,19.260816666666667,Normal(10-40 mins),normal,23,Wednesday,October,0,0,non_rush,0,0,51.49211134,-0.138364847,51.49907558,-0.085666316,3.729452879443284,11.61774065135333
15/10/2025 23:44,"maplin street, mile end",15/10/2025 23:50,"hewison street, old ford",35326,CLASSIC,5.79855,Short(1-10 mins),normal,23,Wednesday,October,0,0,non_rush,0.005274262,0,51.525501,-0.0322672,51.533283,-0.028155,0.9108770802382884,9.425222652955878
15/10/2025 23:44,"hop exchange, the borough",16/10/2025 00:00,"caldwell street, stockwell",22119,CLASSIC,15.973416666666667,Normal(10-40 mins),normal,23,Wednesday,October,0,0,non_rush,0.004237288,0.025,51.50462759,-0.091773776,51.477839,-0.116493,3.435388080601371,12.90414500150243
15/10/2025 23:44,"william iv street, strand",16/10/2025 00:00,"handyside street, king's cross",52209,CLASSIC,16.09295,Normal(10-40 mins),normal,23,Wednesday,October,0,0,non_rush,0.002361275,0,51.50946212,-0.124749274,51.5372406,-0.1248074,3.088828663723934,11.516205532449678
15/10/2025 23:44,"hyde park corner, hyde park",16/10/2025 00:07,"woodstock grove, shepherd's bush",59683,CLASSIC,22.801666666666666,Normal(10-40 mins),normal,23,Wednesday,October,0,0,non_rush,0.003173687,0,51.50311799,-0.153520935,51.50403821,-0.217400093,4.422581872857255,11.637522653523952
15/10/2025 23:45,"burgess park albany road, walworth",16/10/2025 00:10,"kennington station, kennington",51356,CLASSIC,25.814583333333335,Normal(10-40 mins),normal,23,Wednesday,October,0,0,non_rush,0.006965944,0,51.48224,-0.0942844,51.488852,-0.105593,1.074101135943897,2.4964984839951763
15/10/2025 23:43,"ontario street, elephant & castle",15/10/2025 23:53,"brandon street, walworth",54586,CLASSIC,10.018566666666667,Normal(10-40 mins),normal,23,Wednesday,October,0,0,non_rush,0.002508361,0,51.49652013,-0.101384068,51.489102,-0.0915489,1.0695884206939186,6.405637390741369
15/10/2025 23:43,"langdon park, poplar",16/10/2025 00:05,"furze green, bow",59465,CLASSIC,22.572166666666668,Normal(10-40 mins),normal,23,Wednesday,October,0,0,non_rush,0.004405286,0,51.51549,-0.013475,51.519265,-0.021345,0.6875622733820097,1.8276374178931538
15/10/2025 23:43,"jubilee crescent, cubitt town",15/10/2025 23:45,"preston's road, cubitt town",63023,PBSC_EBIKE,2.1801833333333334,Short(1-10 mins),normal,23,Wednesday,October,0,0,non_rush,0.005859375,0,51.493381,-0.007542,51.499286,-0.009152,0.6659981010846291,18.328681562748276
15/10/2025 23:43,"belvedere road 1, south bank",16/10/2025 00:07,"austin road, battersea park",57882,CLASSIC,24.123816666666666,Normal(10-40 mins),normal,23,Wednesday,October,0,0,non_rush,0.003294893,0,51.50613324,-0.114686385,51.474376,-0.155442787,4.520191119012002,11.242477543591573
15/10/2025 23:43,"euston road, euston",15/10/2025 23:56,"guilford street , bloomsbury",55774,CLASSIC,12.325133333333333,Normal(10-40 mins),normal,23,Wednesday,October,0,0,non_rush,0.001193317,0,51.5262363,-0.134407652,51.52334672,-0.120202614,1.0339364421963424,5.033307539481429
15/10/2025 23:43,"westminster pier, westminster",15/10/2025 23:55,"gloucester street, pimlico",50401,CLASSIC,11.16745,Normal(10-40 mins),normal,23,Wednesday,October,0,0,non_rush,0.010738831615120275,0,51.501513,-0.12382322,51.49096258,-0.139625122,1.6040315776706486,8.618072582
15/10/2025 23:44,"bethnal green road, shoreditch",15/10/2025 23:52,"globe town market, bethnal green",59358,CLASSIC,8.911666666666667,Short(1-10 mins),normal,23,Wednesday,October,0,0,non_rush,0.006069094,0,51.52364804,-0.074754872,51.528869,-0.047548,1.9696853037396824,13.26139347945176
15/10/2025 23:42,"claverton street, pimlico",15/10/2025 23:48,"vincent street, pimlico",55236,CLASSIC,6.233716666666667,Short(1-10 mins),normal,23,Wednesday,October,0,0,non_rush,0.001919386,0.010416666666666666,51.48483991,-0.138089062,51.493072,-0.129925,1.0758307111934613,10.354952931494749
15/10/2025 23:42,"emperor's gate, south kensington",16/10/2025 00:24,"exhibition road museums 1, south kensington",53008,CLASSIC,41.78548333333333,Long(41-120 mins),normal,23,Wednesday,October,0,0,non_rush,0.003793627,0,51.49536226,-0.185296516,51.496468,-0.17379696,0.8055149711357344,1.1566432744739676
15/10/2025 23:42,"emperor's gate, south kensington",16/10/2025 00:24,"exhibition road museums 1, south kensington",41753,CLASSIC,41.91288333333333,Long(41-120 mins),normal,23,Wednesday,October,0,0,non_rush,0.003793627,0,51.49536226,-0.185296516,51.496468,-0.17379696,0.8055149711357344,1.1531274974276582
15/10/2025 23:42,"hyde park corner, hyde park",16/10/2025 00:06,"richmond way, shepherd's bush",56339,CLASSIC,24.2039,Normal(10-40 mins),normal,23,Wednesday,October,0,0,non_rush,0.003173687,0,51.50311799,-0.153520935,51.50035306,-0.217515071,4.440192127,11.006966960312454
15/10/2025 23:42,"trebovir road, earl's court",15/10/2025 23:48,"humbolt road, fulham",24376,CLASSIC,5.858716666666667,Short(1-10 mins),normal,23,Wednesday,October,0,0,non_rush,0.006603774,0,51.49085368,-0.196170309,51.48321729,-0.211860644,1.3788712020436107,14.121227707310753
15/10/2025 23:42,"cleveland way, stepney",15/10/2025 23:48,"selby street, whitechapel",56901,CLASSIC,6.1893,Short(1-10 mins),normal,23,Wednesday,October,0,0,non_rush,0.003318584,0,51.520893,-0.051394,51.521905,-0.063386,0.837298235,8.116894337404963
15/10/2025 23:42,"hyde park corner, hyde park",16/10/2025 00:00,"knaresborough place, earl's court",58730,CLASSIC,17.38085,Normal(10-40 mins),normal,23,Wednesday,October,0,0,non_rush,0.003173687,0.00877193,51.50311799,-0.153520935,51.49363156,-0.190603326,2.7752362218670354,9.580323937668304
15/10/2025 23:42,"stephendale road, sands end",15/10/2025 23:52,"sugden road, clapham",64215,PBSC_EBIKE,9.674183333333334,Short(1-10 mins),normal,23,Wednesday,October,0,0,non_rush,0.005756579,0.012195121951219513,51.46822047,-0.190346493,51.46512358,-0.157788279,2.281480364129983,14.149909830231902
15/10/2025 23:41,"canada water station, rotherhithe",15/10/2025 23:52,"crimscott street, bermondsey",50767,CLASSIC,11.217316666666667,Normal(10-40 mins),normal,23,Wednesday,October,0,0,non_rush,0.005805515,0,51.498439,-0.049150215,51.495598,-0.078893,2.083037944074627,11.14190499906938
15/10/2025 23:41,"camley street, camden town",15/10/2025 23:59,"lambeth palace road, waterloo",53640,CLASSIC,18.126383333333333,Normal(10-40 mins),normal,23,Wednesday,October,0,0,non_rush,0.007782101,0,51.53792,-0.13053,51.5000892,-0.116628701,4.315157967361078,14.28357071
15/10/2025 23:41,"tavistock place, bloomsbury",15/10/2025 23:48,"st. john street, finsbury",54908,CLASSIC,6.7819,Short(1-10 mins),normal,23,Wednesday,October,0,0,non_rush,0.006825939,0,51.5262503,-0.123509611,51.52836014,-0.104724625,1.3205330507287862,11.682859234687502
15/10/2025 23:40,"hyde park corner, hyde park",15/10/2025 23:49,"chelsea bridge, pimlico",63120,PBSC_EBIKE,9.093,Short(1-10 mins),normal,23,Wednesday,October,0,0,non_rush,0.003173687,0,51.50311799,-0.153520935,51.485821,-0.149004,1.9485917979971887,12.857748584606988
15/10/2025 23:40,"gas holders, battersea park",15/10/2025 23:51,"vicarage crescent, battersea",62225,PBSC_EBIKE,11.51805,Normal(10-40 mins),normal,23,Wednesday,October,0,0,non_rush,0.007122507,0.011627906976744186,51.477966,-0.14785703,51.47287627,-0.176267008,2.047388662970682,10.66528794181662
15/10/2025 23:40,"page street, westminster",15/10/2025 23:49,"kennington lane rail bridge, vauxhall",62323,PBSC_EBIKE,8.535183333333332,Short(1-10 mins),normal,23,Wednesday,October,0,0,non_rush,0.000673854,0.008474576,51.493978,-0.127554,51.4863434,-0.1224924,0.9184169283161254,6.456219339045738
15/10/2025 23:40,"woodstock grove, shepherd's bush",15/10/2025 23:55,"woodstock grove, shepherd's bush",50466,CLASSIC,14.733933333333333,Normal(10-40 mins),normal,23,Wednesday,October,0,0,non_rush,0.003477051,0,51.50403821,-0.217400093,51.50403821,-0.217400093,0,0
15/10/2025 23:39,"hatton wall, holborn",15/10/2025 23:58,"gloucester street, pimlico",55810,CLASSIC,18.317933333333333,Normal(10-40 mins),normal,23,Wednesday,October,0,0,non_rush,0.004320988,0,51.5216612,-0.109006325,51.49096258,-0.139625122,4.0178359000650365,13.160335809565609
15/10/2025 23:39,"grant road east, clapham junction",15/10/2025 23:42,"hibbert street, battersea",35043,CLASSIC,2.5801833333333333,Short(1-10 mins),normal,23,Wednesday,October,0,0,non_rush,0.003703704,0,51.46489445,-0.17302926,51.46517078,-0.18038939,0.5107874646520554,11.877934208469679
15/10/2025 23:39,"brushfield street, liverpool street",15/10/2025 23:48,"pott street, bethnal green",40278,CLASSIC,8.725216666666666,Short(1-10 mins),normal,23,Wednesday,October,0,0,non_rush,0.003924133,0,51.518908,-0.079249,51.527152,-0.058005,1.732213936027726,11.911777109068568
15/10/2025 23:39,"south parade, chelsea",16/10/2025 00:13,"rotherhithe roundabout, rotherhithe",64115,PBSC_EBIKE,33.6382,Normal(10-40 mins),normal,23,Wednesday,October,0,0,non_rush,0.004098361,0,51.48902,-0.17524,51.499169,-0.055846029,8.342260337821633,14.879976344432757
15/10/2025 23:39,"globe town market, bethnal green",16/10/2025 00:10,"east india dlr, blackwall",59336,CLASSIC,30.53735,Normal(10-40 mins),normal,23,Wednesday,October,0,0,non_rush,0.003875969,0,51.528869,-0.047548,51.509474,-0.002275,3.8031024936082694,7.472362521
15/10/2025 23:38,"duke street hill, london bridge",16/10/2025 01:02,"farm street, mayfair",54649,CLASSIC,84.5987,Long(41-120 mins),normal,23,Wednesday,October,0,0,non_rush,0.003634161,0.012820513,51.50630441,-0.087262995,51.50935171,-0.14744969,4.179194735398395,2.9640134437515435
67,
15/10/2025 23:38,"duke street hill, london bridge",16/10/2025 01:02,"farm street, mayfair",54649,CLASSIC,84.5987,Long(41-120 mins),normal,23,Wednesday,October,0,0,non_rush,0.003634161,0.012820513,51.50630441,-0.087262995,51.50935171,-0.14744969,Spaghetti,2.9640134437515435